gratis.testinium9@gmail.com,Gratis12.
gratis.testinium1@gmail.com,Gratis12.
gratis.testinium5@gmail.com,Gratis12.
gratis.testinium3@gmail.com,Gratis12.
gratis.testinium4@gmail.com,Gratis12.
gratis.testinium10@gmail.com,Gratis12.
gratis.testinium12@gmail.com,Gratis12.
gratis.testinium13@gmail.com,Gratis12.
gratis.testinium14@gmail.com,Gratis12.
gratis.testinium15@gmail.com,Gratis12.
gratis.testinium16@gmail.com,Gratis12.
gratis.testinium17@gmail.com,Gratis12.
gratis.testinium18@gmail.com,Gratis12.
gratis.testinium19@gmail.com,Gratis12.
gratis.testinium0@gmail.com,Gratis12.