Adana,Seyhan
Adıyaman,Kahta
Afyonkarahisar,Sultandağı
Ağrı,Diyadin
Aksaray,Sultanhanı
Amasya,Göynücek
Ankara,Elmadağ
Antalya,Aksu
Ardahan,Posof
Artvin,Ardanuç
Aydın,Kuyucak
Aydın,Nazilli
Balıkesir,Altıeylül
Batman,Sason
Bayburt,Aydıntepe
Bilecik,Bozüyük
Bingöl,Adaklı
Bitlis,Tatvan
Bolu,Dörtdivan
Burdur,Çavdır
Bursa,Yıldırım
Çanakkale,Ayvacık
Çankırı,Yapraklı
Çorum,Alaca
Denizli,Çameli
Diyarbakır,Hazro
Edirne,Uzunköprü
Elazığ,Ağın
Erzincan,Merkez
Erzurum,Yakutiye
Eskişehir,Alpu
Gaziantep,Yavuzeli
Giresun,Alucra
Gümüşhane,Torul
Hakkari,Çukurca
Hatay,Yayladağı
Iğdır,Aralık
İstanbul,Beşiktaş
İzmir,Aliağa
İzmir,Bornova
İzmir,Buca
İzmir,Urla
Kahramanmaraş,Afşin
Karaman,Sarıveliler
Kars,Akyaka
Kastamonu,Doğanyurt
Kayseri,Yeşilhisar
Kilis,Elbeyli
Kırklareli,Babaeski
Kırşehir,Mucur
Kocaeli,Başiskele
Konya,Beyşehir
Konya,Bozkır
Konya,Yunak
Kütahya,Altıntaş
Malatya,Arguvan
Manisa,Yunusemre
Mardin,Artuklu
Mersin,Yenişehir
Muğla,Bodrum
Muş,Varto
Nevşehir,Acıgöl
Niğde,Ulukışla
Ordu,Akkuş
Osmaniye,Toprakkale
Rize,Ardeşen
Sakarya,Adapazarı
Samsun,19 Mayıs
Şanlıurfa,Viranşehir
Siirt,Kurtalan
Şırnak,Beytüşşebap
Sivas,Akıncılar
Sivas,Yıldızeli
Tekirdağ,Süleymanpaşa
Tokat,Zile
Trabzon,Akçaabat
Tunceli,Çemişgezek
Uşak,Banaz
Van,Tuşba
Yalova,Altınova
Yozgat,Akdağmadeni
Zonguldak,Alaplı